timestamp,h0,h1,h2,h3,h4,h5,h6,h7,h8,h9,h10,h11,h12,h13,h14,h15,h16,h17,h18,h19,h20,h21,h22,h23
2013-01-03,3258.1891340646034,3179.6259445308488,3167.078609093178,3189.9298152052734,3337.7644315735797,3641.0904227845604,3859.650477897324,4049.5826955181365,4217.009442492369,4261.167783798497,4258.87319985411,4191.771389936858,4071.8132096044765,4036.8160516603384,4017.613244607246,4081.5167074038204,4463.272368814454,4704.0186594282195,4782.253899338964,4706.760669699321,4603.553654574306,4316.0913800706885,3731.4589232858766,3505.06396998016
2013-01-04,3153.8742287111777,3056.631928064084,3027.1318436335864,3039.2216852528745,3145.206621862225,3398.129509247685,3718.958284395738,3864.9455381006946,3918.6889898735662,3962.4790631518727,3972.922299726562,3954.637131393692,3895.004637146398,3852.5303145902194,3801.940803247718,3788.4380268584823,4045.333948121854,4223.431696501134,4155.558565020703,4013.1677361306542,3822.125276780257,3622.1851029118498,3354.532784777953,3053.6107667044434
2013-01-05,2897.288171015612,2778.718008407652,2717.3784016081877,2693.48191224301,2722.832802184054,2819.3757853383636,3060.8534166976233,3286.795461217162,3480.821263718652,3622.246582073238,3671.8418493771383,3658.032338838162,3602.760782213748,3549.1319231485954,3510.8338419501424,3535.3423599006996,3772.5198249120667,4009.5390663092676,3999.7571879170673,3876.1171268137973,3730.1194558710367,3536.3933434760147,3284.8787213904297,3044.624230728811
2013-01-06,2916.7006087332015,2820.9378093467412,2770.4232492612337,2755.4742330484028,2773.5977742530335,2853.524759723222,3054.4277924231674,3259.2960063597898,3492.4922115484055,3614.4597938124466,3659.2196350835493,3657.8383731621648,3635.73000817392,3586.210110239151,3553.672023244846,3583.4537450391595,3820.9232392450235,4124.9243229305885,4074.433955766299,3952.8109218764,3780.180015312797,3559.268390134979,3290.8367550098437,3012.925611092908
2013-01-07,2730.966723103359,2642.7381847984925,2600.806002057405,2606.9331844163776,2690.8199866949803,2927.9538085358527,3299.4736211511417,3549.1044229689223,3657.8789422592927,3725.1782006909757,3762.6782465508254,3743.5019444551494,3693.816694795113,3655.36218842984,3618.2820603939062,3646.7087607953754,3972.9844963478845,4252.19147406581,4224.317475210123,4093.7600448411818,3890.399122104696,3624.411340199353,3248.326820169385,3047.650773510881
2013-01-08,2975.7608125559195,2902.725329554577,2855.02586635349,2872.7856819121553,2968.419904825756,3272.8415332091495,3554.8916339457105,3731.2305415337332,3824.6415057868526,3854.828052546129,3859.132724488317,3819.417868125069,3758.3754616155948,3715.057783387721,3676.063604605735,3706.891274704533,3971.783501000249,4223.049109484075,4233.420011778928,4135.391062865583,3992.413133251207,3698.0128951999322,3335.369693483298,3074.913876885079
2013-01-09,2814.720020679185,2722.585271715823,2684.6444356346015,2686.655590948166,2786.95826033091,3077.6863769578904,3518.502971314857,3736.3711640619804,3763.314036570869,3764.8728074527967,3764.2563545971784,3746.929666072564,3705.5697164837175,3688.8475222004945,3660.116536030031,3694.5135659057914,3970.469758178409,4224.006090341296,4203.179305639249,4092.813200782956,3873.6363081884306,3579.903275020832,3269.3237644094747,2982.430827717657
2013-01-10,2753.2809863388384,2655.0264662983136,2606.8032184320073,2608.5404177532646,2692.339509966416,2953.2004437835967,3367.4710699408815,3599.922792700519,3664.0759204908104,3727.858040942102,3757.915261673173,3751.579063341244,3697.295486543357,3678.7517278702703,3643.7203678611954,3664.425406607636,3915.5737487716747,4143.809682058128,4114.699803508003,4009.9603018977623,3849.622349610497,3604.5970938398123,3264.290383968925,2991.1832556944614
2013-01-11,2753.7598234287575,2660.0089291763275,2617.6062337086732,2623.5238177848696,2727.9992416323407,2995.5182771692425,3436.468268298322,3655.6796140140323,3709.553584500708,3721.139777698848,3718.9298968643016,3687.129163714499,3641.1971779819164,3613.001526633578,3581.10322269942,3593.3119039782437,3817.491016702608,4045.2552418051164,4010.85853374337,3878.256318937102,3713.382673583496,3479.8621779417495,3218.7612380537353,2951.9077354543415
2013-01-12,2695.5604518389496,2587.6658251750046,2535.7816050009383,2513.5129138853267,2556.9788053580805,2669.8896848922336,2905.702063598398,3133.080348259782,3331.136874899635,3476.399643353754,3522.1526456044203,3514.933655413687,3461.4052671701174,3417.242033903406,3382.381830705271,3409.171042047529,3627.7402481035792,3823.7477057881374,3780.3238343624757,3660.571943840569,3527.2967049516965,3346.0250284678405,3069.1242059274223,2823.6484453956414
2013-01-13,2570.8690481699327,2472.963398659509,2425.1742481734923,2406.5442223942187,2444.4066072380615,2535.449691374575,2676.6501172465187,2883.7581901725143,3162.6510761151717,3336.685178505407,3418.684828745262,3445.607916056955,3421.174194763992,3386.040190729758,3362.6951752787213,3399.514373203535,3659.8993331724646,3876.530481415952,3836.8091222413964,3689.9515161566806,3519.12642865429,3266.4985765745364,3007.069871334478,2750.3564588051204
2013-01-14,2459.1614293022035,2377.3731478273025,2342.5851663259255,2348.681313550461,2434.73336318676,2680.7809493072245,3108.7996183073838,3375.5636835237783,3453.1588129335014,3522.129665766775,3556.228255253159,3558.8351919435463,3536.0974159618586,3520.4639550394395,3489.7285392304966,3498.310554683067,3731.372339409591,3968.7065162266554,3956.0461724922015,3809.150099606304,3654.284884994684,3405.811135999278,3080.477406440696,2815.9806614772915
2013-01-15,2698.468825955311,2607.2195290602795,2567.4384058603287,2570.841671257247,2659.6479283804456,2921.3497439456646,3388.755735906723,3626.225741428641,3644.8878458654453,3658.559257908991,3654.6323971443926,3636.4780054880466,3606.535416073287,3578.2460352323606,3556.5192843792806,3594.2500244587422,3840.8425445711973,4096.0410317998485,4098.788445462388,3979.0711245391963,3803.3000879280194,3551.1432375996487,3224.2791979315084,2960.780060916682
2013-01-16,2813.4745034783195,2721.000432844662,2679.7781280056734,2682.2787800155616,2785.9148426872007,3072.9311853819836,3526.3690853832377,3756.085868034427,3784.6052629398173,3790.4795628631223,3795.5129039110034,3775.5072400036643,3733.2442155379695,3717.2013620048183,3686.909294686143,3719.6743971142187,3961.142064997135,4190.065416087192,4162.232180395491,4028.3354964317577,3836.524721762101,3569.9683984447265,3257.7322450968304,2984.4975372684235
2013-01-17,,,,,,,,,,,,,,,,,,,,,,,,
2013-01-18,,,,,,,,,,,,,,,,,,,,,,,,
2013-01-19,,,,,,,,,,,,,,,,,,,,,,,,
2013-01-20,,,,,,,,,,,,,,,,,,,,,,,,
2013-01-21,,,,,,,,,,,,,,,,,,,,,,,,
2013-01-22,,,,,,,,,,,,,,,,,,,,,,,,
2013-01-23,,,,,,,,,,,,,,,,,,,,,,,,
2013-01-24,,,,,,,,,,,,,,,,,,,,,,,,
2013-01-25,,,,,,,,,,,,,,,,,,,,,,,,
2013-01-26,,,,,,,,,,,,,,,,,,,,,,,,
2013-01-27,,,,,,,,,,,,,,,,,,,,,,,,
2013-01-28,,,,,,,,,,,,,,,,,,,,,,,,
2013-01-29,,,,,,,,,,,,,,,,,,,,,,,,
2013-01-30,,,,,,,,,,,,,,,,,,,,,,,,
2013-01-31,,,,,,,,,,,,,,,,,,,,,,,,
2013-02-01,,,,,,,,,,,,,,,,,,,,,,,,
2013-02-02,,,,,,,,,,,,,,,,,,,,,,,,
2013-02-03,,,,,,,,,,,,,,,,,,,,,,,,
2013-02-04,,,,,,,,,,,,,,,,,,,,,,,,
2013-02-05,,,,,,,,,,,,,,,,,,,,,,,,
2013-02-06,,,,,,,,,,,,,,,,,,,,,,,,
2013-02-07,,,,,,,,,,,,,,,,,,,,,,,,
2013-02-08,,,,,,,,,,,,,,,,,,,,,,,,
2013-02-09,,,,,,,,,,,,,,,,,,,,,,,,
2013-02-10,,,,,,,,,,,,,,,,,,,,,,,,
2013-02-11,,,,,,,,,,,,,,,,,,,,,,,,
2013-02-12,,,,,,,,,,,,,,,,,,,,,,,,
2013-02-13,,,,,,,,,,,,,,,,,,,,,,,,
2013-02-14,,,,,,,,,,,,,,,,,,,,,,,,
2013-02-15,,,,,,,,,,,,,,,,,,,,,,,,
2013-02-16,,,,,,,,,,,,,,,,,,,,,,,,
2013-02-17,,,,,,,,,,,,,,,,,,,,,,,,
2013-02-18,,,,,,,,,,,,,,,,,,,,,,,,
2013-02-19,,,,,,,,,,,,,,,,,,,,,,,,
2013-02-20,,,,,,,,,,,,,,,,,,,,,,,,
2013-02-21,,,,,,,,,,,,,,,,,,,,,,,,
2013-02-22,,,,,,,,,,,,,,,,,,,,,,,,
2013-02-23,,,,,,,,,,,,,,,,,,,,,,,,
2013-02-24,,,,,,,,,,,,,,,,,,,,,,,,
2013-02-25,,,,,,,,,,,,,,,,,,,,,,,,
2013-02-26,,,,,,,,,,,,,,,,,,,,,,,,
2013-02-27,,,,,,,,,,,,,,,,,,,,,,,,
2013-02-28,,,,,,,,,,,,,,,,,,,,,,,,
2013-03-01,,,,,,,,,,,,,,,,,,,,,,,,
2013-03-02,,,,,,,,,,,,,,,,,,,,,,,,
2013-03-03,,,,,,,,,,,,,,,,,,,,,,,,
2013-03-04,,,,,,,,,,,,,,,,,,,,,,,,
2013-03-05,,,,,,,,,,,,,,,,,,,,,,,,
2013-03-06,,,,,,,,,,,,,,,,,,,,,,,,
2013-03-07,,,,,,,,,,,,,,,,,,,,,,,,
2013-03-08,,,,,,,,,,,,,,,,,,,,,,,,
2013-03-09,,,,,,,,,,,,,,,,,,,,,,,,
2013-03-10,,,,,,,,,,,,,,,,,,,,,,,,
2013-03-11,,,,,,,,,,,,,,,,,,,,,,,,
2013-03-12,,,,,,,,,,,,,,,,,,,,,,,,
2013-03-13,,,,,,,,,,,,,,,,,,,,,,,,
2013-03-14,,,,,,,,,,,,,,,,,,,,,,,,
2013-03-15,,,,,,,,,,,,,,,,,,,,,,,,
2013-03-16,,,,,,,,,,,,,,,,,,,,,,,,
2013-03-17,,,,,,,,,,,,,,,,,,,,,,,,
2013-03-18,,,,,,,,,,,,,,,,,,,,,,,,
2013-03-19,,,,,,,,,,,,,,,,,,,,,,,,
2013-03-20,,,,,,,,,,,,,,,,,,,,,,,,
2013-03-21,,,,,,,,,,,,,,,,,,,,,,,,
2013-03-22,,,,,,,,,,,,,,,,,,,,,,,,
2013-03-23,,,,,,,,,,,,,,,,,,,,,,,,
2013-03-24,,,,,,,,,,,,,,,,,,,,,,,,
2013-03-25,,,,,,,,,,,,,,,,,,,,,,,,
2013-03-26,,,,,,,,,,,,,,,,,,,,,,,,
2013-03-27,,,,,,,,,,,,,,,,,,,,,,,,
2013-03-28,,,,,,,,,,,,,,,,,,,,,,,,
2013-03-29,,,,,,,,,,,,,,,,,,,,,,,,
2013-03-30,,,,,,,,,,,,,,,,,,,,,,,,
2013-03-31,,,,,,,,,,,,,,,,,,,,,,,,
2013-04-01,,,,,,,,,,,,,,,,,,,,,,,,
2013-04-02,,,,,,,,,,,,,,,,,,,,,,,,
2013-04-03,,,,,,,,,,,,,,,,,,,,,,,,
2013-04-04,,,,,,,,,,,,,,,,,,,,,,,,
2013-04-05,,,,,,,,,,,,,,,,,,,,,,,,
2013-04-06,,,,,,,,,,,,,,,,,,,,,,,,
2013-04-07,,,,,,,,,,,,,,,,,,,,,,,,
2013-04-08,,,,,,,,,,,,,,,,,,,,,,,,
2013-04-09,,,,,,,,,,,,,,,,,,,,,,,,
2013-04-10,,,,,,,,,,,,,,,,,,,,,,,,
2013-04-11,,,,,,,,,,,,,,,,,,,,,,,,
2013-04-12,,,,,,,,,,,,,,,,,,,,,,,,
2013-04-13,,,,,,,,,,,,,,,,,,,,,,,,
2013-04-14,,,,,,,,,,,,,,,,,,,,,,,,
2013-04-15,,,,,,,,,,,,,,,,,,,,,,,,
2013-04-16,,,,,,,,,,,,,,,,,,,,,,,,
2013-04-17,,,,,,,,,,,,,,,,,,,,,,,,
2013-04-18,,,,,,,,,,,,,,,,,,,,,,,,
2013-04-19,,,,,,,,,,,,,,,,,,,,,,,,
2013-04-20,,,,,,,,,,,,,,,,,,,,,,,,
2013-04-21,,,,,,,,,,,,,,,,,,,,,,,,
2013-04-22,,,,,,,,,,,,,,,,,,,,,,,,
2013-04-23,,,,,,,,,,,,,,,,,,,,,,,,
2013-04-24,,,,,,,,,,,,,,,,,,,,,,,,
2013-04-25,,,,,,,,,,,,,,,,,,,,,,,,
2013-04-26,,,,,,,,,,,,,,,,,,,,,,,,
2013-04-27,,,,,,,,,,,,,,,,,,,,,,,,
2013-04-28,,,,,,,,,,,,,,,,,,,,,,,,
2013-04-29,,,,,,,,,,,,,,,,,,,,,,,,
2013-04-30,,,,,,,,,,,,,,,,,,,,,,,,
2013-05-01,,,,,,,,,,,,,,,,,,,,,,,,
2013-05-02,,,,,,,,,,,,,,,,,,,,,,,,
2013-05-03,,,,,,,,,,,,,,,,,,,,,,,,
2013-05-04,,,,,,,,,,,,,,,,,,,,,,,,
2013-05-05,,,,,,,,,,,,,,,,,,,,,,,,
2013-05-06,,,,,,,,,,,,,,,,,,,,,,,,
2013-05-07,,,,,,,,,,,,,,,,,,,,,,,,
2013-05-08,,,,,,,,,,,,,,,,,,,,,,,,
2013-05-09,,,,,,,,,,,,,,,,,,,,,,,,
2013-05-10,,,,,,,,,,,,,,,,,,,,,,,,
2013-05-11,,,,,,,,,,,,,,,,,,,,,,,,
2013-05-12,,,,,,,,,,,,,,,,,,,,,,,,
2013-05-13,,,,,,,,,,,,,,,,,,,,,,,,
2013-05-14,,,,,,,,,,,,,,,,,,,,,,,,
2013-05-15,,,,,,,,,,,,,,,,,,,,,,,,
2013-05-16,,,,,,,,,,,,,,,,,,,,,,,,
2013-05-17,,,,,,,,,,,,,,,,,,,,,,,,
2013-05-18,,,,,,,,,,,,,,,,,,,,,,,,
2013-05-19,,,,,,,,,,,,,,,,,,,,,,,,
2013-05-20,,,,,,,,,,,,,,,,,,,,,,,,
2013-05-21,,,,,,,,,,,,,,,,,,,,,,,,
2013-05-22,,,,,,,,,,,,,,,,,,,,,,,,
2013-05-23,,,,,,,,,,,,,,,,,,,,,,,,
2013-05-24,,,,,,,,,,,,,,,,,,,,,,,,
2013-05-25,,,,,,,,,,,,,,,,,,,,,,,,
2013-05-26,,,,,,,,,,,,,,,,,,,,,,,,
2013-05-27,,,,,,,,,,,,,,,,,,,,,,,,
2013-05-28,,,,,,,,,,,,,,,,,,,,,,,,
2013-05-29,,,,,,,,,,,,,,,,,,,,,,,,
2013-05-30,,,,,,,,,,,,,,,,,,,,,,,,
2013-05-31,,,,,,,,,,,,,,,,,,,,,,,,
2013-06-01,,,,,,,,,,,,,,,,,,,,,,,,
2013-06-02,,,,,,,,,,,,,,,,,,,,,,,,
2013-06-03,,,,,,,,,,,,,,,,,,,,,,,,
2013-06-04,,,,,,,,,,,,,,,,,,,,,,,,
2013-06-05,,,,,,,,,,,,,,,,,,,,,,,,
2013-06-06,,,,,,,,,,,,,,,,,,,,,,,,
2013-06-07,,,,,,,,,,,,,,,,,,,,,,,,
2013-06-08,,,,,,,,,,,,,,,,,,,,,,,,
2013-06-09,,,,,,,,,,,,,,,,,,,,,,,,
2013-06-10,,,,,,,,,,,,,,,,,,,,,,,,
2013-06-11,,,,,,,,,,,,,,,,,,,,,,,,
2013-06-12,,,,,,,,,,,,,,,,,,,,,,,,
2013-06-13,,,,,,,,,,,,,,,,,,,,,,,,
2013-06-14,,,,,,,,,,,,,,,,,,,,,,,,
2013-06-15,,,,,,,,,,,,,,,,,,,,,,,,
2013-06-16,,,,,,,,,,,,,,,,,,,,,,,,
2013-06-17,,,,,,,,,,,,,,,,,,,,,,,,
2013-06-18,,,,,,,,,,,,,,,,,,,,,,,,
2013-06-19,,,,,,,,,,,,,,,,,,,,,,,,
2013-06-20,,,,,,,,,,,,,,,,,,,,,,,,
2013-06-21,,,,,,,,,,,,,,,,,,,,,,,,
2013-06-22,,,,,,,,,,,,,,,,,,,,,,,,
2013-06-23,,,,,,,,,,,,,,,,,,,,,,,,
2013-06-24,,,,,,,,,,,,,,,,,,,,,,,,
2013-06-25,,,,,,,,,,,,,,,,,,,,,,,,
2013-06-26,,,,,,,,,,,,,,,,,,,,,,,,
2013-06-27,,,,,,,,,,,,,,,,,,,,,,,,
2013-06-28,,,,,,,,,,,,,,,,,,,,,,,,
2013-06-29,,,,,,,,,,,,,,,,,,,,,,,,
2013-06-30,,,,,,,,,,,,,,,,,,,,,,,,
2013-07-01,,,,,,,,,,,,,,,,,,,,,,,,
2013-07-02,,,,,,,,,,,,,,,,,,,,,,,,
2013-07-03,,,,,,,,,,,,,,,,,,,,,,,,
2013-07-04,,,,,,,,,,,,,,,,,,,,,,,,
2013-07-05,,,,,,,,,,,,,,,,,,,,,,,,
2013-07-06,,,,,,,,,,,,,,,,,,,,,,,,
2013-07-07,,,,,,,,,,,,,,,,,,,,,,,,
2013-07-08,,,,,,,,,,,,,,,,,,,,,,,,
2013-07-09,,,,,,,,,,,,,,,,,,,,,,,,
2013-07-10,,,,,,,,,,,,,,,,,,,,,,,,
2013-07-11,,,,,,,,,,,,,,,,,,,,,,,,
2013-07-12,,,,,,,,,,,,,,,,,,,,,,,,
2013-07-13,,,,,,,,,,,,,,,,,,,,,,,,
2013-07-14,,,,,,,,,,,,,,,,,,,,,,,,
2013-07-15,,,,,,,,,,,,,,,,,,,,,,,,
2013-07-16,,,,,,,,,,,,,,,,,,,,,,,,
2013-07-17,,,,,,,,,,,,,,,,,,,,,,,,
2013-07-18,,,,,,,,,,,,,,,,,,,,,,,,
2013-07-19,,,,,,,,,,,,,,,,,,,,,,,,
2013-07-20,,,,,,,,,,,,,,,,,,,,,,,,
2013-07-21,,,,,,,,,,,,,,,,,,,,,,,,
2013-07-22,,,,,,,,,,,,,,,,,,,,,,,,
2013-07-23,,,,,,,,,,,,,,,,,,,,,,,,
2013-07-24,,,,,,,,,,,,,,,,,,,,,,,,
2013-07-25,,,,,,,,,,,,,,,,,,,,,,,,
2013-07-26,,,,,,,,,,,,,,,,,,,,,,,,
2013-07-27,,,,,,,,,,,,,,,,,,,,,,,,
2013-07-28,,,,,,,,,,,,,,,,,,,,,,,,
2013-07-29,,,,,,,,,,,,,,,,,,,,,,,,
2013-07-30,,,,,,,,,,,,,,,,,,,,,,,,
2013-07-31,,,,,,,,,,,,,,,,,,,,,,,,
2013-08-01,,,,,,,,,,,,,,,,,,,,,,,,
2013-08-02,,,,,,,,,,,,,,,,,,,,,,,,
2013-08-03,,,,,,,,,,,,,,,,,,,,,,,,
2013-08-04,,,,,,,,,,,,,,,,,,,,,,,,
2013-08-05,,,,,,,,,,,,,,,,,,,,,,,,
2013-08-06,,,,,,,,,,,,,,,,,,,,,,,,
2013-08-07,,,,,,,,,,,,,,,,,,,,,,,,
2013-08-08,,,,,,,,,,,,,,,,,,,,,,,,
2013-08-09,,,,,,,,,,,,,,,,,,,,,,,,
2013-08-10,,,,,,,,,,,,,,,,,,,,,,,,
2013-08-11,,,,,,,,,,,,,,,,,,,,,,,,
2013-08-12,,,,,,,,,,,,,,,,,,,,,,,,
2013-08-13,,,,,,,,,,,,,,,,,,,,,,,,
2013-08-14,,,,,,,,,,,,,,,,,,,,,,,,
2013-08-15,,,,,,,,,,,,,,,,,,,,,,,,
2013-08-16,,,,,,,,,,,,,,,,,,,,,,,,
2013-08-17,,,,,,,,,,,,,,,,,,,,,,,,
2013-08-18,,,,,,,,,,,,,,,,,,,,,,,,
2013-08-19,,,,,,,,,,,,,,,,,,,,,,,,
2013-08-20,,,,,,,,,,,,,,,,,,,,,,,,
2013-08-21,,,,,,,,,,,,,,,,,,,,,,,,
2013-08-22,,,,,,,,,,,,,,,,,,,,,,,,
2013-08-23,,,,,,,,,,,,,,,,,,,,,,,,
2013-08-24,,,,,,,,,,,,,,,,,,,,,,,,
2013-08-25,,,,,,,,,,,,,,,,,,,,,,,,
2013-08-26,,,,,,,,,,,,,,,,,,,,,,,,
2013-08-27,,,,,,,,,,,,,,,,,,,,,,,,
2013-08-28,,,,,,,,,,,,,,,,,,,,,,,,
2013-08-29,,,,,,,,,,,,,,,,,,,,,,,,
2013-08-30,,,,,,,,,,,,,,,,,,,,,,,,
2013-08-31,,,,,,,,,,,,,,,,,,,,,,,,
2013-09-01,,,,,,,,,,,,,,,,,,,,,,,,
2013-09-02,,,,,,,,,,,,,,,,,,,,,,,,
2013-09-03,,,,,,,,,,,,,,,,,,,,,,,,
2013-09-04,,,,,,,,,,,,,,,,,,,,,,,,
2013-09-05,,,,,,,,,,,,,,,,,,,,,,,,
2013-09-06,,,,,,,,,,,,,,,,,,,,,,,,
2013-09-07,,,,,,,,,,,,,,,,,,,,,,,,
2013-09-08,,,,,,,,,,,,,,,,,,,,,,,,
2013-09-09,,,,,,,,,,,,,,,,,,,,,,,,
2013-09-10,,,,,,,,,,,,,,,,,,,,,,,,
2013-09-11,,,,,,,,,,,,,,,,,,,,,,,,
2013-09-12,,,,,,,,,,,,,,,,,,,,,,,,
2013-09-13,,,,,,,,,,,,,,,,,,,,,,,,
2013-09-14,,,,,,,,,,,,,,,,,,,,,,,,
2013-09-15,,,,,,,,,,,,,,,,,,,,,,,,
2013-09-16,,,,,,,,,,,,,,,,,,,,,,,,
2013-09-17,,,,,,,,,,,,,,,,,,,,,,,,
2013-09-18,,,,,,,,,,,,,,,,,,,,,,,,
2013-09-19,,,,,,,,,,,,,,,,,,,,,,,,
2013-09-20,,,,,,,,,,,,,,,,,,,,,,,,
2013-09-21,,,,,,,,,,,,,,,,,,,,,,,,
2013-09-22,,,,,,,,,,,,,,,,,,,,,,,,
2013-09-23,,,,,,,,,,,,,,,,,,,,,,,,
2013-09-24,,,,,,,,,,,,,,,,,,,,,,,,
2013-09-25,,,,,,,,,,,,,,,,,,,,,,,,
2013-09-26,,,,,,,,,,,,,,,,,,,,,,,,
2013-09-27,,,,,,,,,,,,,,,,,,,,,,,,
2013-09-28,,,,,,,,,,,,,,,,,,,,,,,,
2013-09-29,,,,,,,,,,,,,,,,,,,,,,,,
2013-09-30,,,,,,,,,,,,,,,,,,,,,,,,
2013-10-01,,,,,,,,,,,,,,,,,,,,,,,,
2013-10-02,,,,,,,,,,,,,,,,,,,,,,,,
2013-10-03,,,,,,,,,,,,,,,,,,,,,,,,
2013-10-04,,,,,,,,,,,,,,,,,,,,,,,,
2013-10-05,,,,,,,,,,,,,,,,,,,,,,,,
2013-10-06,,,,,,,,,,,,,,,,,,,,,,,,
2013-10-07,,,,,,,,,,,,,,,,,,,,,,,,
2013-10-08,,,,,,,,,,,,,,,,,,,,,,,,
2013-10-09,,,,,,,,,,,,,,,,,,,,,,,,
2013-10-10,,,,,,,,,,,,,,,,,,,,,,,,
2013-10-11,,,,,,,,,,,,,,,,,,,,,,,,
2013-10-12,,,,,,,,,,,,,,,,,,,,,,,,
2013-10-13,,,,,,,,,,,,,,,,,,,,,,,,
2013-10-14,,,,,,,,,,,,,,,,,,,,,,,,
2013-10-15,,,,,,,,,,,,,,,,,,,,,,,,
2013-10-16,,,,,,,,,,,,,,,,,,,,,,,,
2013-10-17,,,,,,,,,,,,,,,,,,,,,,,,
2013-10-18,,,,,,,,,,,,,,,,,,,,,,,,
2013-10-19,,,,,,,,,,,,,,,,,,,,,,,,
2013-10-20,,,,,,,,,,,,,,,,,,,,,,,,
2013-10-21,,,,,,,,,,,,,,,,,,,,,,,,
2013-10-22,,,,,,,,,,,,,,,,,,,,,,,,
2013-10-23,,,,,,,,,,,,,,,,,,,,,,,,
2013-10-24,,,,,,,,,,,,,,,,,,,,,,,,
2013-10-25,,,,,,,,,,,,,,,,,,,,,,,,
2013-10-26,,,,,,,,,,,,,,,,,,,,,,,,
2013-10-27,,,,,,,,,,,,,,,,,,,,,,,,
2013-10-28,,,,,,,,,,,,,,,,,,,,,,,,
2013-10-29,,,,,,,,,,,,,,,,,,,,,,,,
2013-10-30,,,,,,,,,,,,,,,,,,,,,,,,
2013-10-31,,,,,,,,,,,,,,,,,,,,,,,,
2013-11-01,,,,,,,,,,,,,,,,,,,,,,,,
2013-11-02,,,,,,,,,,,,,,,,,,,,,,,,
2013-11-03,,,,,,,,,,,,,,,,,,,,,,,,
2013-11-04,,,,,,,,,,,,,,,,,,,,,,,,
2013-11-05,,,,,,,,,,,,,,,,,,,,,,,,
2013-11-06,,,,,,,,,,,,,,,,,,,,,,,,
2013-11-07,,,,,,,,,,,,,,,,,,,,,,,,
2013-11-08,,,,,,,,,,,,,,,,,,,,,,,,
2013-11-09,,,,,,,,,,,,,,,,,,,,,,,,
2013-11-10,,,,,,,,,,,,,,,,,,,,,,,,
2013-11-11,,,,,,,,,,,,,,,,,,,,,,,,
2013-11-12,,,,,,,,,,,,,,,,,,,,,,,,
2013-11-13,,,,,,,,,,,,,,,,,,,,,,,,
2013-11-14,,,,,,,,,,,,,,,,,,,,,,,,
2013-11-15,,,,,,,,,,,,,,,,,,,,,,,,
2013-11-16,,,,,,,,,,,,,,,,,,,,,,,,
2013-11-17,,,,,,,,,,,,,,,,,,,,,,,,
2013-11-18,,,,,,,,,,,,,,,,,,,,,,,,
2013-11-19,,,,,,,,,,,,,,,,,,,,,,,,
2013-11-20,,,,,,,,,,,,,,,,,,,,,,,,
2013-11-21,,,,,,,,,,,,,,,,,,,,,,,,
2013-11-22,,,,,,,,,,,,,,,,,,,,,,,,
2013-11-23,,,,,,,,,,,,,,,,,,,,,,,,
2013-11-24,,,,,,,,,,,,,,,,,,,,,,,,
2013-11-25,,,,,,,,,,,,,,,,,,,,,,,,
2013-11-26,,,,,,,,,,,,,,,,,,,,,,,,
2013-11-27,,,,,,,,,,,,,,,,,,,,,,,,
2013-11-28,,,,,,,,,,,,,,,,,,,,,,,,
2013-11-29,,,,,,,,,,,,,,,,,,,,,,,,
2013-11-30,,,,,,,,,,,,,,,,,,,,,,,,
2013-12-01,,,,,,,,,,,,,,,,,,,,,,,,
2013-12-02,,,,,,,,,,,,,,,,,,,,,,,,
2013-12-03,,,,,,,,,,,,,,,,,,,,,,,,
2013-12-04,,,,,,,,,,,,,,,,,,,,,,,,
2013-12-05,,,,,,,,,,,,,,,,,,,,,,,,
2013-12-06,,,,,,,,,,,,,,,,,,,,,,,,
2013-12-07,,,,,,,,,,,,,,,,,,,,,,,,
2013-12-08,,,,,,,,,,,,,,,,,,,,,,,,
2013-12-09,,,,,,,,,,,,,,,,,,,,,,,,
2013-12-10,,,,,,,,,,,,,,,,,,,,,,,,
2013-12-11,,,,,,,,,,,,,,,,,,,,,,,,
2013-12-12,,,,,,,,,,,,,,,,,,,,,,,,
2013-12-13,,,,,,,,,,,,,,,,,,,,,,,,
2013-12-14,,,,,,,,,,,,,,,,,,,,,,,,
2013-12-15,,,,,,,,,,,,,,,,,,,,,,,,
2013-12-16,,,,,,,,,,,,,,,,,,,,,,,,
2013-12-17,,,,,,,,,,,,,,,,,,,,,,,,
2013-12-18,,,,,,,,,,,,,,,,,,,,,,,,
2013-12-19,,,,,,,,,,,,,,,,,,,,,,,,
2013-12-20,,,,,,,,,,,,,,,,,,,,,,,,
2013-12-21,,,,,,,,,,,,,,,,,,,,,,,,
2013-12-22,,,,,,,,,,,,,,,,,,,,,,,,
2013-12-23,,,,,,,,,,,,,,,,,,,,,,,,
2013-12-24,,,,,,,,,,,,,,,,,,,,,,,,
2013-12-25,,,,,,,,,,,,,,,,,,,,,,,,
2013-12-26,,,,,,,,,,,,,,,,,,,,,,,,
2013-12-27,,,,,,,,,,,,,,,,,,,,,,,,
2013-12-28,,,,,,,,,,,,,,,,,,,,,,,,
2013-12-29,,,,,,,,,,,,,,,,,,,,,,,,
2013-12-30,,,,,,,,,,,,,,,,,,,,,,,,
2013-12-31,,,,,,,,,,,,,,,,,,,,,,,,
2014-01-01,,,,,,,,,,,,,,,,,,,,,,,,
2014-01-02,,,,,,,,,,,,,,,,,,,,,,,,
2014-01-03,,,,,,,,,,,,,,,,,,,,,,,,
2014-01-04,,,,,,,,,,,,,,,,,,,,,,,,
2014-01-05,,,,,,,,,,,,,,,,,,,,,,,,
2014-01-06,,,,,,,,,,,,,,,,,,,,,,,,
2014-01-07,,,,,,,,,,,,,,,,,,,,,,,,
2014-01-08,,,,,,,,,,,,,,,,,,,,,,,,
2014-01-09,,,,,,,,,,,,,,,,,,,,,,,,
2014-01-10,,,,,,,,,,,,,,,,,,,,,,,,
2014-01-11,,,,,,,,,,,,,,,,,,,,,,,,
2014-01-12,,,,,,,,,,,,,,,,,,,,,,,,
2014-01-13,,,,,,,,,,,,,,,,,,,,,,,,
2014-01-14,,,,,,,,,,,,,,,,,,,,,,,,
2014-01-15,,,,,,,,,,,,,,,,,,,,,,,,
2014-01-16,,,,,,,,,,,,,,,,,,,,,,,,
2014-01-17,,,,,,,,,,,,,,,,,,,,,,,,
2014-01-18,,,,,,,,,,,,,,,,,,,,,,,,
2014-01-19,,,,,,,,,,,,,,,,,,,,,,,,
2014-01-20,,,,,,,,,,,,,,,,,,,,,,,,
2014-01-21,,,,,,,,,,,,,,,,,,,,,,,,
2014-01-22,,,,,,,,,,,,,,,,,,,,,,,,
2014-01-23,,,,,,,,,,,,,,,,,,,,,,,,
2014-01-24,,,,,,,,,,,,,,,,,,,,,,,,
2014-01-25,,,,,,,,,,,,,,,,,,,,,,,,
2014-01-26,,,,,,,,,,,,,,,,,,,,,,,,
2014-01-27,,,,,,,,,,,,,,,,,,,,,,,,
2014-01-28,,,,,,,,,,,,,,,,,,,,,,,,
2014-01-29,,,,,,,,,,,,,,,,,,,,,,,,
2014-01-30,,,,,,,,,,,,,,,,,,,,,,,,
2014-01-31,,,,,,,,,,,,,,,,,,,,,,,,
2014-02-01,,,,,,,,,,,,,,,,,,,,,,,,
2014-02-02,,,,,,,,,,,,,,,,,,,,,,,,
2014-02-03,,,,,,,,,,,,,,,,,,,,,,,,
2014-02-04,,,,,,,,,,,,,,,,,,,,,,,,
2014-02-05,,,,,,,,,,,,,,,,,,,,,,,,
2014-02-06,,,,,,,,,,,,,,,,,,,,,,,,
2014-02-07,,,,,,,,,,,,,,,,,,,,,,,,
2014-02-08,,,,,,,,,,,,,,,,,,,,,,,,
2014-02-09,,,,,,,,,,,,,,,,,,,,,,,,
2014-02-10,,,,,,,,,,,,,,,,,,,,,,,,
2014-02-11,,,,,,,,,,,,,,,,,,,,,,,,
2014-02-12,,,,,,,,,,,,,,,,,,,,,,,,
2014-02-13,,,,,,,,,,,,,,,,,,,,,,,,
2014-02-14,,,,,,,,,,,,,,,,,,,,,,,,
2014-02-15,,,,,,,,,,,,,,,,,,,,,,,,
2014-02-16,,,,,,,,,,,,,,,,,,,,,,,,
2014-02-17,,,,,,,,,,,,,,,,,,,,,,,,
2014-02-18,,,,,,,,,,,,,,,,,,,,,,,,
2014-02-19,,,,,,,,,,,,,,,,,,,,,,,,
2014-02-20,,,,,,,,,,,,,,,,,,,,,,,,
2014-02-21,,,,,,,,,,,,,,,,,,,,,,,,
2014-02-22,,,,,,,,,,,,,,,,,,,,,,,,
2014-02-23,,,,,,,,,,,,,,,,,,,,,,,,
2014-02-24,,,,,,,,,,,,,,,,,,,,,,,,
2014-02-25,,,,,,,,,,,,,,,,,,,,,,,,
2014-02-26,,,,,,,,,,,,,,,,,,,,,,,,
2014-02-27,,,,,,,,,,,,,,,,,,,,,,,,
2014-02-28,,,,,,,,,,,,,,,,,,,,,,,,
2014-03-01,,,,,,,,,,,,,,,,,,,,,,,,
2014-03-02,,,,,,,,,,,,,,,,,,,,,,,,
2014-03-03,,,,,,,,,,,,,,,,,,,,,,,,
2014-03-04,,,,,,,,,,,,,,,,,,,,,,,,
2014-03-05,,,,,,,,,,,,,,,,,,,,,,,,
2014-03-06,,,,,,,,,,,,,,,,,,,,,,,,
2014-03-07,,,,,,,,,,,,,,,,,,,,,,,,
2014-03-08,,,,,,,,,,,,,,,,,,,,,,,,
2014-03-09,,,,,,,,,,,,,,,,,,,,,,,,
2014-03-10,,,,,,,,,,,,,,,,,,,,,,,,
2014-03-11,,,,,,,,,,,,,,,,,,,,,,,,
2014-03-12,,,,,,,,,,,,,,,,,,,,,,,,
2014-03-13,,,,,,,,,,,,,,,,,,,,,,,,
2014-03-14,,,,,,,,,,,,,,,,,,,,,,,,
2014-03-15,,,,,,,,,,,,,,,,,,,,,,,,
2014-03-16,,,,,,,,,,,,,,,,,,,,,,,,
2014-03-17,,,,,,,,,,,,,,,,,,,,,,,,
2014-03-18,,,,,,,,,,,,,,,,,,,,,,,,
2014-03-19,,,,,,,,,,,,,,,,,,,,,,,,
2014-03-20,,,,,,,,,,,,,,,,,,,,,,,,
2014-03-21,,,,,,,,,,,,,,,,,,,,,,,,
2014-03-22,,,,,,,,,,,,,,,,,,,,,,,,
2014-03-23,,,,,,,,,,,,,,,,,,,,,,,,
2014-03-24,,,,,,,,,,,,,,,,,,,,,,,,
2014-03-25,,,,,,,,,,,,,,,,,,,,,,,,
2014-03-26,,,,,,,,,,,,,,,,,,,,,,,,
2014-03-27,,,,,,,,,,,,,,,,,,,,,,,,
2014-03-28,,,,,,,,,,,,,,,,,,,,,,,,
2014-03-29,,,,,,,,,,,,,,,,,,,,,,,,
2014-03-30,,,,,,,,,,,,,,,,,,,,,,,,
2014-03-31,,,,,,,,,,,,,,,,,,,,,,,,
2014-04-01,,,,,,,,,,,,,,,,,,,,,,,,
2014-04-02,,,,,,,,,,,,,,,,,,,,,,,,
2014-04-03,,,,,,,,,,,,,,,,,,,,,,,,
2014-04-04,,,,,,,,,,,,,,,,,,,,,,,,
2014-04-05,,,,,,,,,,,,,,,,,,,,,,,,
2014-04-06,,,,,,,,,,,,,,,,,,,,,,,,
2014-04-07,,,,,,,,,,,,,,,,,,,,,,,,
2014-04-08,,,,,,,,,,,,,,,,,,,,,,,,
2014-04-09,,,,,,,,,,,,,,,,,,,,,,,,
2014-04-10,,,,,,,,,,,,,,,,,,,,,,,,
2014-04-11,,,,,,,,,,,,,,,,,,,,,,,,
2014-04-12,,,,,,,,,,,,,,,,,,,,,,,,
2014-04-13,,,,,,,,,,,,,,,,,,,,,,,,
2014-04-14,,,,,,,,,,,,,,,,,,,,,,,,
2014-04-15,,,,,,,,,,,,,,,,,,,,,,,,
2014-04-16,,,,,,,,,,,,,,,,,,,,,,,,
2014-04-17,,,,,,,,,,,,,,,,,,,,,,,,
2014-04-18,,,,,,,,,,,,,,,,,,,,,,,,
2014-04-19,,,,,,,,,,,,,,,,,,,,,,,,
2014-04-20,,,,,,,,,,,,,,,,,,,,,,,,
2014-04-21,,,,,,,,,,,,,,,,,,,,,,,,
2014-04-22,,,,,,,,,,,,,,,,,,,,,,,,
2014-04-23,,,,,,,,,,,,,,,,,,,,,,,,
2014-04-24,,,,,,,,,,,,,,,,,,,,,,,,
2014-04-25,,,,,,,,,,,,,,,,,,,,,,,,
2014-04-26,,,,,,,,,,,,,,,,,,,,,,,,
2014-04-27,,,,,,,,,,,,,,,,,,,,,,,,
2014-04-28,,,,,,,,,,,,,,,,,,,,,,,,
2014-04-29,,,,,,,,,,,,,,,,,,,,,,,,
2014-04-30,,,,,,,,,,,,,,,,,,,,,,,,
2014-05-01,,,,,,,,,,,,,,,,,,,,,,,,
2014-05-02,,,,,,,,,,,,,,,,,,,,,,,,
2014-05-03,,,,,,,,,,,,,,,,,,,,,,,,
2014-05-04,,,,,,,,,,,,,,,,,,,,,,,,
2014-05-05,,,,,,,,,,,,,,,,,,,,,,,,
2014-05-06,,,,,,,,,,,,,,,,,,,,,,,,
2014-05-07,,,,,,,,,,,,,,,,,,,,,,,,
2014-05-08,,,,,,,,,,,,,,,,,,,,,,,,
2014-05-09,,,,,,,,,,,,,,,,,,,,,,,,
2014-05-10,,,,,,,,,,,,,,,,,,,,,,,,
2014-05-11,,,,,,,,,,,,,,,,,,,,,,,,
2014-05-12,,,,,,,,,,,,,,,,,,,,,,,,
2014-05-13,,,,,,,,,,,,,,,,,,,,,,,,
2014-05-14,,,,,,,,,,,,,,,,,,,,,,,,
2014-05-15,,,,,,,,,,,,,,,,,,,,,,,,
2014-05-16,,,,,,,,,,,,,,,,,,,,,,,,
2014-05-17,,,,,,,,,,,,,,,,,,,,,,,,
2014-05-18,,,,,,,,,,,,,,,,,,,,,,,,
2014-05-19,,,,,,,,,,,,,,,,,,,,,,,,
2014-05-20,,,,,,,,,,,,,,,,,,,,,,,,
2014-05-21,,,,,,,,,,,,,,,,,,,,,,,,
2014-05-22,,,,,,,,,,,,,,,,,,,,,,,,
2014-05-23,,,,,,,,,,,,,,,,,,,,,,,,
2014-05-24,,,,,,,,,,,,,,,,,,,,,,,,
2014-05-25,,,,,,,,,,,,,,,,,,,,,,,,
2014-05-26,,,,,,,,,,,,,,,,,,,,,,,,
2014-05-27,,,,,,,,,,,,,,,,,,,,,,,,
2014-05-28,,,,,,,,,,,,,,,,,,,,,,,,
2014-05-29,,,,,,,,,,,,,,,,,,,,,,,,
2014-05-30,,,,,,,,,,,,,,,,,,,,,,,,
2014-05-31,,,,,,,,,,,,,,,,,,,,,,,,
2014-06-01,,,,,,,,,,,,,,,,,,,,,,,,
2014-06-02,,,,,,,,,,,,,,,,,,,,,,,,
2014-06-03,,,,,,,,,,,,,,,,,,,,,,,,
2014-06-04,,,,,,,,,,,,,,,,,,,,,,,,
2014-06-05,,,,,,,,,,,,,,,,,,,,,,,,
2014-06-06,,,,,,,,,,,,,,,,,,,,,,,,
2014-06-07,,,,,,,,,,,,,,,,,,,,,,,,
2014-06-08,,,,,,,,,,,,,,,,,,,,,,,,
2014-06-09,,,,,,,,,,,,,,,,,,,,,,,,
2014-06-10,,,,,,,,,,,,,,,,,,,,,,,,
2014-06-11,,,,,,,,,,,,,,,,,,,,,,,,
2014-06-12,,,,,,,,,,,,,,,,,,,,,,,,
2014-06-13,,,,,,,,,,,,,,,,,,,,,,,,
2014-06-14,,,,,,,,,,,,,,,,,,,,,,,,
2014-06-15,,,,,,,,,,,,,,,,,,,,,,,,
2014-06-16,,,,,,,,,,,,,,,,,,,,,,,,
2014-06-17,,,,,,,,,,,,,,,,,,,,,,,,
2014-06-18,,,,,,,,,,,,,,,,,,,,,,,,
2014-06-19,,,,,,,,,,,,,,,,,,,,,,,,
2014-06-20,,,,,,,,,,,,,,,,,,,,,,,,
2014-06-21,,,,,,,,,,,,,,,,,,,,,,,,
2014-06-22,,,,,,,,,,,,,,,,,,,,,,,,
2014-06-23,,,,,,,,,,,,,,,,,,,,,,,,
2014-06-24,,,,,,,,,,,,,,,,,,,,,,,,
2014-06-25,,,,,,,,,,,,,,,,,,,,,,,,
2014-06-26,,,,,,,,,,,,,,,,,,,,,,,,
2014-06-27,,,,,,,,,,,,,,,,,,,,,,,,
2014-06-28,,,,,,,,,,,,,,,,,,,,,,,,
2014-06-29,,,,,,,,,,,,,,,,,,,,,,,,
2014-06-30,,,,,,,,,,,,,,,,,,,,,,,,
2014-07-01,,,,,,,,,,,,,,,,,,,,,,,,
2014-07-02,,,,,,,,,,,,,,,,,,,,,,,,
2014-07-03,,,,,,,,,,,,,,,,,,,,,,,,
2014-07-04,,,,,,,,,,,,,,,,,,,,,,,,
2014-07-05,,,,,,,,,,,,,,,,,,,,,,,,
2014-07-06,,,,,,,,,,,,,,,,,,,,,,,,
2014-07-07,,,,,,,,,,,,,,,,,,,,,,,,
2014-07-08,,,,,,,,,,,,,,,,,,,,,,,,
2014-07-09,,,,,,,,,,,,,,,,,,,,,,,,
2014-07-10,,,,,,,,,,,,,,,,,,,,,,,,
2014-07-11,,,,,,,,,,,,,,,,,,,,,,,,
2014-07-12,,,,,,,,,,,,,,,,,,,,,,,,
2014-07-13,,,,,,,,,,,,,,,,,,,,,,,,
2014-07-14,,,,,,,,,,,,,,,,,,,,,,,,
2014-07-15,,,,,,,,,,,,,,,,,,,,,,,,
2014-07-16,,,,,,,,,,,,,,,,,,,,,,,,
2014-07-17,,,,,,,,,,,,,,,,,,,,,,,,
2014-07-18,,,,,,,,,,,,,,,,,,,,,,,,
2014-07-19,,,,,,,,,,,,,,,,,,,,,,,,
2014-07-20,,,,,,,,,,,,,,,,,,,,,,,,
2014-07-21,,,,,,,,,,,,,,,,,,,,,,,,
2014-07-22,,,,,,,,,,,,,,,,,,,,,,,,
2014-07-23,,,,,,,,,,,,,,,,,,,,,,,,
2014-07-24,,,,,,,,,,,,,,,,,,,,,,,,
2014-07-25,,,,,,,,,,,,,,,,,,,,,,,,
2014-07-26,,,,,,,,,,,,,,,,,,,,,,,,
2014-07-27,,,,,,,,,,,,,,,,,,,,,,,,
2014-07-28,,,,,,,,,,,,,,,,,,,,,,,,
2014-07-29,,,,,,,,,,,,,,,,,,,,,,,,
2014-07-30,,,,,,,,,,,,,,,,,,,,,,,,
2014-07-31,,,,,,,,,,,,,,,,,,,,,,,,
2014-08-01,,,,,,,,,,,,,,,,,,,,,,,,
2014-08-02,,,,,,,,,,,,,,,,,,,,,,,,
2014-08-03,,,,,,,,,,,,,,,,,,,,,,,,
2014-08-04,,,,,,,,,,,,,,,,,,,,,,,,
2014-08-05,,,,,,,,,,,,,,,,,,,,,,,,
2014-08-06,,,,,,,,,,,,,,,,,,,,,,,,
2014-08-07,,,,,,,,,,,,,,,,,,,,,,,,
2014-08-08,,,,,,,,,,,,,,,,,,,,,,,,
2014-08-09,,,,,,,,,,,,,,,,,,,,,,,,
2014-08-10,,,,,,,,,,,,,,,,,,,,,,,,
2014-08-11,,,,,,,,,,,,,,,,,,,,,,,,
2014-08-12,,,,,,,,,,,,,,,,,,,,,,,,
2014-08-13,,,,,,,,,,,,,,,,,,,,,,,,
2014-08-14,,,,,,,,,,,,,,,,,,,,,,,,
2014-08-15,,,,,,,,,,,,,,,,,,,,,,,,
2014-08-16,,,,,,,,,,,,,,,,,,,,,,,,
2014-08-17,,,,,,,,,,,,,,,,,,,,,,,,
2014-08-18,,,,,,,,,,,,,,,,,,,,,,,,
2014-08-19,,,,,,,,,,,,,,,,,,,,,,,,
2014-08-20,,,,,,,,,,,,,,,,,,,,,,,,
2014-08-21,,,,,,,,,,,,,,,,,,,,,,,,
2014-08-22,,,,,,,,,,,,,,,,,,,,,,,,
2014-08-23,,,,,,,,,,,,,,,,,,,,,,,,
2014-08-24,,,,,,,,,,,,,,,,,,,,,,,,
2014-08-25,,,,,,,,,,,,,,,,,,,,,,,,
2014-08-26,,,,,,,,,,,,,,,,,,,,,,,,
2014-08-27,,,,,,,,,,,,,,,,,,,,,,,,
2014-08-28,,,,,,,,,,,,,,,,,,,,,,,,
2014-08-29,,,,,,,,,,,,,,,,,,,,,,,,
2014-08-30,,,,,,,,,,,,,,,,,,,,,,,,
2014-08-31,,,,,,,,,,,,,,,,,,,,,,,,
2014-09-01,,,,,,,,,,,,,,,,,,,,,,,,
2014-09-02,,,,,,,,,,,,,,,,,,,,,,,,
2014-09-03,,,,,,,,,,,,,,,,,,,,,,,,
2014-09-04,,,,,,,,,,,,,,,,,,,,,,,,
2014-09-05,,,,,,,,,,,,,,,,,,,,,,,,
2014-09-06,,,,,,,,,,,,,,,,,,,,,,,,
2014-09-07,,,,,,,,,,,,,,,,,,,,,,,,
2014-09-08,,,,,,,,,,,,,,,,,,,,,,,,
2014-09-09,,,,,,,,,,,,,,,,,,,,,,,,
2014-09-10,,,,,,,,,,,,,,,,,,,,,,,,
2014-09-11,,,,,,,,,,,,,,,,,,,,,,,,
2014-09-12,,,,,,,,,,,,,,,,,,,,,,,,
2014-09-13,,,,,,,,,,,,,,,,,,,,,,,,
2014-09-14,,,,,,,,,,,,,,,,,,,,,,,,
2014-09-15,,,,,,,,,,,,,,,,,,,,,,,,
2014-09-16,,,,,,,,,,,,,,,,,,,,,,,,
2014-09-17,,,,,,,,,,,,,,,,,,,,,,,,
2014-09-18,,,,,,,,,,,,,,,,,,,,,,,,
2014-09-19,,,,,,,,,,,,,,,,,,,,,,,,
2014-09-20,,,,,,,,,,,,,,,,,,,,,,,,
2014-09-21,,,,,,,,,,,,,,,,,,,,,,,,
2014-09-22,,,,,,,,,,,,,,,,,,,,,,,,
2014-09-23,,,,,,,,,,,,,,,,,,,,,,,,
2014-09-24,,,,,,,,,,,,,,,,,,,,,,,,
2014-09-25,,,,,,,,,,,,,,,,,,,,,,,,
2014-09-26,,,,,,,,,,,,,,,,,,,,,,,,
2014-09-27,,,,,,,,,,,,,,,,,,,,,,,,
2014-09-28,,,,,,,,,,,,,,,,,,,,,,,,
2014-09-29,,,,,,,,,,,,,,,,,,,,,,,,
2014-09-30,,,,,,,,,,,,,,,,,,,,,,,,
2014-10-01,,,,,,,,,,,,,,,,,,,,,,,,
2014-10-02,,,,,,,,,,,,,,,,,,,,,,,,
2014-10-03,,,,,,,,,,,,,,,,,,,,,,,,
2014-10-04,,,,,,,,,,,,,,,,,,,,,,,,
2014-10-05,,,,,,,,,,,,,,,,,,,,,,,,
2014-10-06,,,,,,,,,,,,,,,,,,,,,,,,
2014-10-07,,,,,,,,,,,,,,,,,,,,,,,,
2014-10-08,,,,,,,,,,,,,,,,,,,,,,,,
2014-10-09,,,,,,,,,,,,,,,,,,,,,,,,
2014-10-10,,,,,,,,,,,,,,,,,,,,,,,,
2014-10-11,,,,,,,,,,,,,,,,,,,,,,,,
2014-10-12,,,,,,,,,,,,,,,,,,,,,,,,
2014-10-13,,,,,,,,,,,,,,,,,,,,,,,,
2014-10-14,,,,,,,,,,,,,,,,,,,,,,,,
2014-10-15,,,,,,,,,,,,,,,,,,,,,,,,
2014-10-16,,,,,,,,,,,,,,,,,,,,,,,,
2014-10-17,,,,,,,,,,,,,,,,,,,,,,,,
2014-10-18,,,,,,,,,,,,,,,,,,,,,,,,
2014-10-19,,,,,,,,,,,,,,,,,,,,,,,,
2014-10-20,,,,,,,,,,,,,,,,,,,,,,,,
2014-10-21,,,,,,,,,,,,,,,,,,,,,,,,
2014-10-22,,,,,,,,,,,,,,,,,,,,,,,,
2014-10-23,,,,,,,,,,,,,,,,,,,,,,,,
2014-10-24,,,,,,,,,,,,,,,,,,,,,,,,
2014-10-25,,,,,,,,,,,,,,,,,,,,,,,,
2014-10-26,,,,,,,,,,,,,,,,,,,,,,,,
2014-10-27,,,,,,,,,,,,,,,,,,,,,,,,
2014-10-28,,,,,,,,,,,,,,,,,,,,,,,,
2014-10-29,,,,,,,,,,,,,,,,,,,,,,,,
2014-10-30,,,,,,,,,,,,,,,,,,,,,,,,
2014-10-31,,,,,,,,,,,,,,,,,,,,,,,,
2014-11-01,,,,,,,,,,,,,,,,,,,,,,,,
2014-11-02,,,,,,,,,,,,,,,,,,,,,,,,
2014-11-03,,,,,,,,,,,,,,,,,,,,,,,,
2014-11-04,,,,,,,,,,,,,,,,,,,,,,,,
2014-11-05,,,,,,,,,,,,,,,,,,,,,,,,
2014-11-06,,,,,,,,,,,,,,,,,,,,,,,,
2014-11-07,,,,,,,,,,,,,,,,,,,,,,,,
2014-11-08,,,,,,,,,,,,,,,,,,,,,,,,
2014-11-09,,,,,,,,,,,,,,,,,,,,,,,,
2014-11-10,,,,,,,,,,,,,,,,,,,,,,,,
2014-11-11,,,,,,,,,,,,,,,,,,,,,,,,
2014-11-12,,,,,,,,,,,,,,,,,,,,,,,,
2014-11-13,,,,,,,,,,,,,,,,,,,,,,,,
2014-11-14,,,,,,,,,,,,,,,,,,,,,,,,
2014-11-15,,,,,,,,,,,,,,,,,,,,,,,,
2014-11-16,,,,,,,,,,,,,,,,,,,,,,,,
2014-11-17,,,,,,,,,,,,,,,,,,,,,,,,
2014-11-18,,,,,,,,,,,,,,,,,,,,,,,,
2014-11-19,,,,,,,,,,,,,,,,,,,,,,,,
2014-11-20,,,,,,,,,,,,,,,,,,,,,,,,
2014-11-21,,,,,,,,,,,,,,,,,,,,,,,,
2014-11-22,,,,,,,,,,,,,,,,,,,,,,,,
2014-11-23,,,,,,,,,,,,,,,,,,,,,,,,
2014-11-24,,,,,,,,,,,,,,,,,,,,,,,,
2014-11-25,,,,,,,,,,,,,,,,,,,,,,,,
2014-11-26,,,,,,,,,,,,,,,,,,,,,,,,
2014-11-27,,,,,,,,,,,,,,,,,,,,,,,,
2014-11-28,,,,,,,,,,,,,,,,,,,,,,,,
2014-11-29,,,,,,,,,,,,,,,,,,,,,,,,
2014-11-30,,,,,,,,,,,,,,,,,,,,,,,,
2014-12-01,,,,,,,,,,,,,,,,,,,,,,,,
2014-12-02,,,,,,,,,,,,,,,,,,,,,,,,
2014-12-03,,,,,,,,,,,,,,,,,,,,,,,,
2014-12-04,,,,,,,,,,,,,,,,,,,,,,,,
2014-12-05,,,,,,,,,,,,,,,,,,,,,,,,
2014-12-06,,,,,,,,,,,,,,,,,,,,,,,,
2014-12-07,,,,,,,,,,,,,,,,,,,,,,,,
2014-12-08,,,,,,,,,,,,,,,,,,,,,,,,
2014-12-09,,,,,,,,,,,,,,,,,,,,,,,,
2014-12-10,,,,,,,,,,,,,,,,,,,,,,,,
2014-12-11,,,,,,,,,,,,,,,,,,,,,,,,
2014-12-12,,,,,,,,,,,,,,,,,,,,,,,,
2014-12-13,,,,,,,,,,,,,,,,,,,,,,,,
2014-12-14,,,,,,,,,,,,,,,,,,,,,,,,
2014-12-15,,,,,,,,,,,,,,,,,,,,,,,,
2014-12-16,,,,,,,,,,,,,,,,,,,,,,,,
2014-12-17,,,,,,,,,,,,,,,,,,,,,,,,
2014-12-18,,,,,,,,,,,,,,,,,,,,,,,,
2014-12-19,,,,,,,,,,,,,,,,,,,,,,,,
2014-12-20,,,,,,,,,,,,,,,,,,,,,,,,
2014-12-21,,,,,,,,,,,,,,,,,,,,,,,,
2014-12-22,,,,,,,,,,,,,,,,,,,,,,,,
2014-12-23,,,,,,,,,,,,,,,,,,,,,,,,
2014-12-24,,,,,,,,,,,,,,,,,,,,,,,,
2014-12-25,,,,,,,,,,,,,,,,,,,,,,,,
2014-12-26,,,,,,,,,,,,,,,,,,,,,,,,
2014-12-27,,,,,,,,,,,,,,,,,,,,,,,,
2014-12-28,,,,,,,,,,,,,,,,,,,,,,,,
2014-12-29,,,,,,,,,,,,,,,,,,,,,,,,
2014-12-30,,,,,,,,,,,,,,,,,,,,,,,,
2014-12-31,,,,,,,,,,,,,,,,,,,,,,,,
